client_id;sex;age
08043e6a-4f68-4183-b961-66f7f04779be;M;25
b4d16ca1-e043-42fd-9eac-e9f19cd5748e;F;36
bf299ccd-ab76-4957-9466-4fdbbcad6bba;M;19
8fe34423-d2c9-48ab-9482-4caaefde771d;M;38
baf7e354-15a9-460f-bafc-9fc606e385ab;F;24
1a646650-173f-4e79-8dbc-078c0e88602f;F;31
a1880fde-2a90-421c-aead-c6858d51be37;F;36
8b006bb8-3da9-4c48-a47b-de69e69012b6;F;25
2c2f1252-b28a-44a4-b2b2-f7fe05df16f1;F;37
6c56fcae-5e57-4371-a67d-478561d150a5;F;23
a1815d81-885e-4986-a140-f5a39679160b;M;33
cd05e15d-a08f-430a-902d-fb4ba2da6bb2;M;18
3971e896-23aa-4359-8716-018819460f5d;M;26
f29754ca-c728-419b-888d-349d75cc27aa;M;39
1503bf9d-09f6-492a-9f77-8545c554c993;M;22
afc6b270-fe60-43d9-b025-81fe840eaa7f;M;18
668f663f-2b88-479a-8584-10f0b9d4a6e7;F;25
9e46c4d4-4a2d-4776-86ed-05a990152668;F;38
c1a065b0-6f71-4cfb-9cf5-5fc535096c67;F;24
deb4b011-0f6d-499e-909e-5a4f59046e79;F;19
79165116-1beb-4383-80d5-399800a55cc4;M;18
4282dd46-ed96-4b1a-bae9-a32c50322d06;M;22
c3286607-e305-4717-a958-9e1809990a49;F;23
0ead9e98-55a7-4691-8ecb-afb00f30cb54;F;31
96426227-3ba4-4b53-9931-39fb12e41546;M;36
738ac0be-540e-4744-97ff-0f4ccf552e92;F;38
2d993d4e-92b8-4797-8a90-7db2776d5c76;F;22
6a02e1c0-2e9b-4850-a47e-b198542d1c5c;M;24
c43779ec-3ff4-4b86-bea9-de6ffc1443dc;M;31
eeb2f4d6-a482-42c5-8e9b-90bb0f378870;F;25
a1d74191-f43a-490e-ad9e-2c098f55cdec;F;23
e10e1066-4062-42fd-985a-8d883ad55452;F;24
d4070928-8d77-4529-85d4-e912f1cd6ff9;M;35
6cafa36c-f6d6-43ea-b26e-549e20ee1de8;M;28
fa51a99d-9adb-49b1-871b-29d69e1d6eb9;M;24
93db8069-4663-4ce8-afe0-046faddfe5ad;M;36
7a7af72a-8569-404b-b98f-f0f36478faf7;M;26
7396d2d8-2709-4586-8f24-db90494f57dd;M;26
1466dd7a-2281-4b9a-9099-11495e7a2c6d;F;34
c28162fc-b941-4939-b224-e534f5e0d907;F;26
a648e946-0e90-45c4-ae95-759168e8b5a6;F;28
63c8003e-08a4-42a9-bbdc-58a09b28a285;M;16
69a71934-9df9-4fbd-bb93-6983968bd5f1;F;18
e2eca7c8-e17d-44c5-9e7d-acb2eeca2ba5;F;19
b4f62db3-11b8-42cc-a6bf-f99e2e87e839;F;31
c9e07e0b-212d-4a44-8631-c10a84fd2447;F;16
f5a4c061-55a3-43c0-82f6-5188062ff40a;M;34
3e0d0832-c62e-44ab-bfc2-a7585970a605;F;20
8cfb7316-6d25-4b05-96f2-75ed56c35f93;M;28
83a79a5e-0b9f-4485-a6f8-e96ace0b5ef6;F;23
65b1a377-1a81-403e-a2fd-056136f4ccc7;M;22
065fe821-0a0a-4856-81d0-647d2ccd510c;F;21
e2688ae4-6679-4f10-bf72-a7c390beffa8;M;36
fe670946-4b46-451f-b0aa-9063ca559b8a;F;37
3d49ef9b-b2d8-4a7f-8a92-db14a51a31ab;M;16
0e33c802-b619-4b56-a8da-149f9c909b4c;M;39
44ddc09a-2f4d-41f1-aed7-03a6030b523b;F;38
5fc09cd5-7b04-4b74-bfec-5d7f79227901;F;29
67dd5ced-970c-410f-acd1-e8ed1cb9408e;F;37
b94df25a-d4a3-4743-a266-c0b1c94a5a23;F;27
751f72ff-9eb2-4d17-9f0e-bc0bbd2dfcef;M;27
3e477b94-db83-44b2-89ae-91d6d4f0eb09;F;35
52e12e70-4ec5-44d7-825e-9c260e5b8daf;F;39
e7afe960-a534-48c7-b2c1-db1db7dad9a6;F;32
ca450678-590c-48ea-95d3-26803516f62f;F;18
6c273000-ae04-4ddd-90de-79b83837f3d6;M;37
227aaf0a-b1b0-4bfe-96cf-f81cd4795c6e;M;26
f35a734b-e044-44c0-bc67-880a9450eaee;M;17
3b705365-c64b-4822-9d32-8fe5bde63e46;M;17
52c6eaba-4647-4db7-8a5e-601bb63580a7;F;18
619680ba-127d-42ee-8f67-595bf10e1e63;F;20
718b3b13-05f9-4cc7-b711-8ce653a39a09;F;33
1fd9a82e-3047-47e0-8781-40953fa8b3c3;F;36
b71b0370-d3cb-48dd-894f-43b977423813;M;35
a7c42661-e4a7-44b4-b85f-ee59da5fb531;M;34
1002d58e-f8d8-4f03-8675-80f4077dec09;M;32
5b449a16-70a5-4130-bb0f-67f26e468780;M;25
c428eb1c-cfea-45e2-972d-a772b8ed4536;F;29
eafbd676-1165-4c36-88d5-b6ec4a861d51;M;21
4ccb7b9f-6c17-4c4d-9194-27cd7822b305;M;30
a8cea184-d6a0-47af-ae94-1c7e028f8277;F;37
9e4d2a9e-69c3-4f5b-9c89-27939b7f1cf7;F;38
0cce77c6-eb7a-4ac2-8392-e07d673e98d3;M;30
b7a9b7fd-785f-4889-8c55-495bf34b17fb;F;35
b6404740-cb9e-46fc-a573-7e956bfac7b2;M;35
34099991-ab8f-40c9-9bd3-7892f505c9c2;M;30
c96a927c-986f-491a-a9c1-75e99bbcb20f;M;24
37432e24-ce2c-4ee9-a5cb-96e31a08c374;F;16
cb1f07a9-10ab-4881-a02a-0204bc047635;F;33
c1113f58-5958-40dd-b04b-6f033bdb99ef;F;17
24efe214-fb9b-4cab-b579-46991600b44b;M;38
1c9d27ee-4fc6-44fe-b4ed-edf5b624b614;M;30
b27ccdab-0fc5-4b40-b186-0cb7e57db1f8;M;17
787bc548-af6a-44ea-9a92-7550542ebcb1;M;23
74e470e3-98ee-48a8-99ae-3f6e2d375988;F;34
9e4a8ed4-8a0c-4c3a-ab74-7fc185f53539;M;19
79fe3f34-811c-4035-ab6b-6b7c7cae5f0c;M;19
8f990856-e11a-4268-b92d-c7209e286fe2;F;23
c621d9d2-7980-40b8-ae7d-f57369e88a0b;M;33
a5bd36e6-813a-463a-ae33-375f990e4b83;F;22
